epoch,train_loss,valid_loss,accuracy,error_rate,precision,recall,time
0,0.221502,0.423368,0.863128,0.136872,0.866515,0.863204,00:59
1,0.239898,0.637949,0.840782,0.159218,0.853346,0.839298,00:58
2,0.210285,0.496985,0.868715,0.131285,0.868270,0.871844,00:58
3,0.171210,0.531948,0.863128,0.136872,0.869969,0.860927,00:58
4,0.130312,0.387891,0.879888,0.120112,0.878644,0.879272,00:56
5,0.098030,0.353229,0.885475,0.114525,0.884531,0.885507,00:56
