epoch,train_loss,valid_loss,accuracy,error_rate,precision,recall,time
0,0.217916,0.484583,0.863128,0.136872,0.865186,0.863667,01:03
1,0.273999,0.810227,0.837989,0.162011,0.846704,0.842810,01:03
2,0.328515,0.746455,0.849162,0.150838,0.863112,0.849537,01:05
3,0.274372,0.584228,0.843575,0.156425,0.849140,0.845374,01:03
4,0.210292,0.366235,0.907821,0.092179,0.908831,0.906543,01:04
5,0.152888,0.337238,0.924581,0.075419,0.925023,0.923364,01:05
